{
  "unique_scenarios": 60,
  "duplicate_scenarios": 0,
  "api_calls": 17,
  "estimated_cost": 0.0085152,
  "average_embedding_time": 31.976997554302216,
  "average_llm_time": 1.1976953665415446,
  "total_runtime_seconds": 1916.4642293453217
}