{
  "unique_scenarios": 140,
  "duplicate_scenarios": 0,
  "api_calls": 121,
  "estimated_cost": 0.0669858,
  "average_embedding_time": 93.60563834620194,
  "average_llm_time": 1.8877236061737317,
  "total_runtime_seconds": 12108.495224952698
}